{"cameraMode":{"drawMode":0,"name":"Shaded","section":"Shading Mode"},"sceneLighting":true,"audioPlay":false,"sceneViewState":{"m_AlwaysRefresh":false,"showFog":true,"showSkybox":true,"showFlares":true,"showImageEffects":true,"showParticleSystems":true,"showVisualEffectGraphs":true,"m_FxEnabled":true},"in2DMode":false,"pivot":{"x":0.29169484972953799,"y":0.7819926142692566,"z":0.19434484839439393},"rotation":{"x":-0.06303110718727112,"y":0.9283519387245178,"z":-0.18510419130325318,"w":-0.3161168694496155},"size":0.1554546356201172,"orthographic":false}